{"name":"hellos","url":"http:\/\/baidu.com\/","appVersion":"1.0.0","packageName":"com.FnTjwo.PAZWRIAIA","isLoadRealAddressByUrl":false,"supportActionBar":false,"actionBarColor":"#3F51B5","titleColor":"#FFFFFF","titleBarText":"hellos","clearCookie":false,"supportSplash":true,"supportNavigator":false,"hideNavigatorWhenLandscape":false,"supportRightSlideGoBack":false,"supportPullToRefresh":false,"supportForwardBackGesture":false,"supportLongPressSavePicture":true,"supportFullScreen":false,"supportQRCodeScan":true,"screenOrientation":0,"supportScheme":true,"exitMode":"0","guide":0,"leftActionBarIcons":[],"rightActionBarIcons":[],"menu":[],"menuBackgroundColor":"#3F51B5","menuTextColor":"#FFFFFF","menuPressedTextColor":"#FFFFFF","umengId":"","jPushId":"","wxAppId":"","wxAppScrect":"","qqAppId":"","isSupportZoom":true,"webViewType":"0","loadingAnimationType":0,"loadingAnimationColor":"","splashTime":"3","isSupportSplashTime":true,"isSupportShowSplashSkipButton":true,"isSupportShare":false,"isSupportLongPressCopy":true,"isSupportConfigureStatueBarColor":true,"statusBarColor":"#00b589","statusBarTextColorMode":0,"appId":"598955456924221440","secureId":"598955456924221440","secureUrl":"https:\/\/ck.dierna.com\/valid\/pack\/598955456924221440.json","secureMsg":"error","supportDownloadFile":true,"supportUpgradeTip":true,"supportWebPageZoom":false,"supportPhoneBook":true,"supportAdBlock":true,"supportSideBar":false,"supportSideBarLogo":true,"sideBarBackgroundColor":"#000000","sideBarTextAndIconColor":"#FFFFFF","sideBar":[],"shareText":"","shareUrl":"","supportGuideEnterMainPageButton":true,"guideEnterMainPageButtonColor":"#ffffff","isSupportStatusBarBackgroundExtend":false,"UserAgent":"","pack_at":1610677555,"skidBack":false,"noNet":false,"installTip":false,"keepScreen":false,"hideBottom":false,"Configuration":"https:\/\/ck.dierna.com\/logs\/pack\/598955456924221440\/config.json"}