{
    "qianjin3":59049,
    "houtui3":59053,
    "youxi":58900,
    "yundong":58966,
    "lianjie3":59310,
    "kefu":58947,
    "saoma2":58897,
    "ditu":58944,
    "saoma1":58939,
    "qianjin":58904,
    "houtui":58898,
    "fabu":59150,
    "jia":58962,
    "chongzhi":58981,
    "qingchu3":59205,
    "74wodedingdan":58959,
    "zhuye3":59126,
    "yingshi1":59016,
    "guanzhu":58908,
    "shuaxin2":59009,
    "qiandai1":58935,
    "qingchu":58902,
    "guanzhu1":58916,
    "zhuye1":58880,
    "caidan2":59154,
    "tuichu2":58910,
    "qq":58927,
    "xiazai1":58948,
    "fenxiang2":58901,
    "jia2":59350,
    "zhuye":58881,
    "gengduo1":58911,
    "dengdai":58882,
    "sousuo":58922,
    "tongzhi1":58921,
    "weixuanze":58932,
    "houtui1":58909,
    "liulanqi":58895,
    "lianjie":58943,
    "dengdai1":58950,
    "yingyongliebiao":58942,
    "xiaoxi":58915,
    "sousuo1":58894,
    "chongzhi1":58914,
    "shuben":58906,
    "xiangji":58945,
    "saoma3":59071,
    "saoma":58884,
    "lingdang":58937,
    "ditu1":58946,
    "full":58928,
    "lianjie1":58885,
    "yinyue":59861,
    "shoucang":58912,
    "dengdai3":58954,
    "zixun":58936,
    "xuanzhong2":58938,
    "fenxiang":58958,
    "yundong1":58907,
    "fabu1":60173,
    "yinyue1":59862,
    "houtui2":58978,
    "xiaoxi1":58899,
    "yonghu2":58968,
    "shezhi":59132,
    "gongzuotai":58949,
    "liulanqi1":58924,
    "fabu2":58925,
    "zixun1":58934,
    "qingchu1":58929,
    "yonghu3":59051,
    "fabu3":58965,
    "minus-circle":59264,
    "tongji1":59311,
    "tongji":59312,
    "xiangshang1":59372,
    "xiangxia1":59373,
    "xiangshang":59374,
    "xiangxia":59375,
    "unorderedlist":59380,
    "kefu1":58933,
    "jia4":58963,
    "shezhi2":58960,
    "shuaxin":58984,
    "fenxiang3":58919,
    "gouwuche1":58903,
    "yonghu":58891,
    "caidan":60132,
    "tongzhi":58967,
    "caidan1":59002,
    "shuaxin3":59093,
    "qingchu2":59021,
    "shoucang1":58913,
    "qianjin2":58886,
    "gengduo":58940,
    "xuanzhong":58941,
    "jia1":58887,
    "fanhuidingbu":58952,
    "youxi1":58905,
    "gengduo2":58956,
    "gongzuotai1":58969,
    "fenxiang1":58888,
    "shezhi3":59014,
    "shuben1":59230,
    "yonghu1":58961,
    "xiangji1":59073,
    "kefu2":59068,
    "dengdai2":58955,
    "gengduo3":58957,
    "tuichu1":58926,
    "jia3":58920,
    "qianjin1":58889,
    "caidan3":58917,
    "gouwuche":58980,
    "dianchi":58931,
    "lianjie2":58930,
    "kefu3":58890,
    "dianhua1":58892,
    "tuichudenglu":58951,
    "dianhua":58893,
    "xiazai":58979,
    "zhuye2":58883,
    "shuaxin1":59251,
    "tuichu3":59027,
    "shezhi1":58923,
    "xuanzhong1":59237,
    "tuichu":58896,
    "yingshi":58918,
    "anzhuo1":58985,
    "ios1":58983,
    "anzhuo":58982,
    "ios":58953,
    "jia5":58964
}